City_ID,City,Country,Date,Lat,Lng,Max Temp,Humidity,Cloudiness,Wind Speed
0,Valparaiso,CL,2021-11-26 23:20:58,-33.0393,-71.6273,62.83,77,20,4.61
1,Coquimbo,CL,2021-11-26 23:16:16,-29.9533,-71.3436,62.33,72,75,10.36
2,Puerto Ayora,EC,2021-11-26 23:19:51,-0.7393,-90.3518,70.03,80,69,11.9
3,Marzuq,YE,2021-11-26 23:20:59,14.4,46.4667,67.37,46,5,2.21
4,Jamestown,US,2021-11-26 23:21:00,42.097,-79.2353,31.59,93,90,20.71
5,New Norfolk,AU,2021-11-26 23:21:01,-42.7826,147.0587,56.7,49,72,2.42
6,Sena Madureira,BR,2021-11-26 23:21:02,-9.0656,-68.6569,83.37,63,85,2.75
7,Kaitangata,NZ,2021-11-26 23:21:02,-46.2817,169.8464,50.29,67,100,3.67
8,Parkes,AU,2021-11-26 23:21:03,-33.1333,148.1833,54.37,87,100,9.91
9,Ancud,CL,2021-11-26 23:16:10,-41.8697,-73.8203,53.13,71,100,6.51
10,Salekhard,RU,2021-11-26 23:21:03,66.53,66.6019,-19.61,100,25,2.24
11,Antalaha,MG,2021-11-26 23:21:04,-14.9003,50.2788,74.39,84,81,5.01
12,East London,ZA,2021-11-26 23:21:04,-33.0153,27.9116,66.07,80,99,24.2
13,Mataura,NZ,2021-11-26 23:17:24,-46.1927,168.8643,51.67,61,100,3.09
14,Bluff,NZ,2021-11-26 23:21:06,-46.6,168.3333,50.31,59,100,5.5
15,Pingliang,CN,2021-11-26 23:21:06,35.5392,106.6861,34.0,80,79,5.32
16,Fortuna,US,2021-11-26 23:18:09,40.5982,-124.1573,59.92,47,1,0.0
17,Busselton,AU,2021-11-26 23:16:10,-33.65,115.3333,68.49,58,55,11.18
18,Qaanaaq,GL,2021-11-26 23:21:07,77.484,-69.3632,10.49,97,100,3.04
19,San Pedro De Ycuamandiyu,PY,2021-11-26 23:21:07,-24.0917,-57.0764,78.96,41,0,5.66
20,Olafsvik,IS,2021-11-26 23:21:08,64.8945,-23.7142,38.12,68,99,13.65
21,Hobart,AU,2021-11-26 23:21:08,-42.8794,147.3294,57.06,54,20,6.91
22,Half Moon Bay,US,2021-11-26 23:21:09,37.4636,-122.4286,66.11,48,20,0.0
23,Vaini,TO,2021-11-26 23:21:09,-21.2,-175.2,84.36,89,75,9.22
24,Tonj,SS,2021-11-26 23:21:10,7.2737,28.6822,80.89,25,86,3.96
25,Moussoro,TD,2021-11-26 23:21:10,13.6408,16.4901,76.73,10,0,11.12
26,Tasiilaq,GL,2021-11-26 23:21:11,65.6145,-37.6368,28.56,68,100,7.72
27,Hailar,CN,2021-11-26 23:21:12,49.2,119.7,9.05,83,21,6.85
28,Jaciara,BR,2021-11-26 23:21:12,-15.9653,-54.9683,73.6,90,84,3.94
29,Beeville,US,2021-11-26 23:21:13,28.4008,-97.7483,60.94,41,1,3.44
30,Orlik,RU,2021-11-26 23:21:13,52.5178,99.825,1.67,99,100,2.44
31,Mbigou,GA,2021-11-26 23:21:14,-1.9005,11.906,67.77,97,79,1.25
32,Katsuura,JP,2021-11-26 23:21:14,35.1333,140.3,51.91,59,87,13.15
33,Naze,JP,2021-11-26 23:21:15,28.3667,129.4833,63.52,57,97,21.14
34,Tiznit,MA,2021-11-26 23:21:15,29.5833,-9.5,52.16,86,65,1.63
35,Rikitea,PF,2021-11-26 23:21:16,-23.1203,-134.9692,76.32,71,99,14.99
36,Avarua,CK,2021-11-26 23:21:16,-21.2078,-159.775,82.45,83,20,5.75
37,Stornoway,GB,2021-11-26 23:17:19,58.2093,-6.3865,37.36,81,75,25.32
38,Ushuaia,AR,2021-11-26 23:21:17,-54.8,-68.3,49.66,46,75,20.71
39,Ponta Do Sol,PT,2021-11-26 23:21:17,32.6667,-17.1,63.23,74,70,8.5
40,Albany,US,2021-11-26 23:16:58,42.6001,-73.9662,32.41,78,99,15.39
41,Ilulissat,GL,2021-11-26 23:21:18,69.2167,-51.1,21.22,86,40,3.44
42,Tura,IN,2021-11-26 23:20:12,25.5198,90.2201,57.58,77,0,3.74
43,Asfi,MA,2021-11-26 23:21:18,32.2994,-9.2372,58.41,68,66,11.86
44,Kjopsvik,NO,2021-11-26 23:22:15,68.097,16.3742,10.27,84,95,5.97
45,Haines Junction,CA,2021-11-26 23:22:19,60.7522,-137.5108,-5.85,77,99,3.44
46,Rawson,AR,2021-11-26 23:22:20,-43.3002,-65.1023,64.78,50,96,21.16
47,Cape Town,ZA,2021-11-26 23:21:49,-33.9258,18.4232,63.01,88,75,17.27
48,Lebowakgomo,ZA,2021-11-26 23:22:20,-24.2,29.5,59.9,76,72,7.9
49,Atuona,PF,2021-11-26 23:22:21,-9.8,-139.0333,79.02,75,8,17.54
50,Tateyama,JP,2021-11-26 23:22:21,34.9833,139.8667,55.67,54,76,15.48
51,Georgetown,MY,2021-11-26 23:17:48,5.4112,100.3354,76.95,88,20,0.0
52,Samarai,PG,2021-11-26 23:22:22,-10.6167,150.6667,83.79,72,94,6.53
53,Enid,US,2021-11-26 23:20:14,36.3956,-97.8784,62.28,27,1,12.66
54,San Cristobal,VE,2021-11-26 23:22:22,7.7669,-72.225,71.78,98,73,1.1
55,Shimoda,JP,2021-11-26 23:22:23,34.6667,138.95,55.76,53,0,18.32
56,Castro,BR,2021-11-26 23:22:23,-24.7911,-50.0119,69.3,64,29,6.67
57,Ewo,CG,2021-11-26 23:22:24,-0.8725,14.8206,73.49,91,99,2.82
58,Saint-Augustin,CA,2021-11-26 23:22:24,51.226,-58.6502,42.35,98,100,15.08
59,Mizdah,LY,2021-11-26 23:22:25,31.4451,12.9801,58.12,32,100,7.74
60,Port Hardy,CA,2021-11-26 23:22:25,50.6996,-127.4199,42.98,81,75,3.44
61,Guerrero Negro,MX,2021-11-26 23:22:26,27.9769,-114.0611,74.75,40,0,11.9
62,Richards Bay,ZA,2021-11-26 23:17:58,-28.783,32.0377,65.05,70,99,3.65
63,Mar Del Plata,AR,2021-11-26 23:19:12,-38.0023,-57.5575,59.02,88,75,12.66
64,Mao,ES,2021-11-26 23:22:27,39.8885,4.2658,50.56,87,20,9.22
65,Vostok,RU,2021-11-26 23:22:28,46.4856,135.8833,7.84,98,98,3.62
66,Bredasdorp,ZA,2021-11-26 23:22:28,-34.5322,20.0403,63.93,90,100,4.12
67,Rio Tercero,AR,2021-11-26 23:22:29,-32.173,-64.1141,80.82,28,1,8.55
68,Hithadhoo,MV,2021-11-26 23:21:15,-0.6,73.0833,80.51,72,76,14.67
69,Turangi,NZ,2021-11-26 23:22:29,-39.0,175.9333,69.8,38,58,8.14
70,Yellowknife,CA,2021-11-26 23:22:30,62.456,-114.3525,16.32,92,90,5.75
71,Taltal,CL,2021-11-26 23:22:30,-25.4,-70.4833,62.1,73,23,1.99
72,Hermanus,ZA,2021-11-26 23:22:31,-34.4187,19.2345,64.15,92,100,7.02
73,Arraial Do Cabo,BR,2021-11-26 23:22:31,-22.9661,-42.0278,72.05,86,100,4.72
74,Bambous Virieux,MU,2021-11-26 23:22:32,-20.3428,57.7575,73.65,83,20,4.61
75,Cidreira,BR,2021-11-26 23:22:32,-30.1811,-50.2056,69.57,87,43,13.27
76,Beni Suef,EG,2021-11-26 23:22:33,29.0731,31.0979,64.18,49,0,4.03
77,Port Alfred,ZA,2021-11-26 23:22:33,-33.5906,26.891,66.11,80,100,33.2
78,Salta,AR,2021-11-26 23:22:34,-24.7859,-65.4117,79.39,38,40,2.3
79,Cascais,PT,2021-11-26 23:22:34,38.6979,-9.4215,51.66,76,20,8.05
80,Dakar,SN,2021-11-26 23:20:51,14.6937,-17.4441,80.73,83,100,6.91
81,Lagoa,PT,2021-11-26 23:22:35,39.05,-27.9833,62.33,66,100,17.63
82,Severo-Kurilsk,RU,2021-11-26 23:22:35,50.6789,156.125,34.95,93,100,12.84
83,Murray Bridge,AU,2021-11-26 23:22:36,-35.1167,139.2667,62.35,55,50,10.65
84,Bathsheba,BB,2021-11-26 23:22:36,13.2167,-59.5167,77.61,94,20,4.61
85,Hovd,MN,2021-11-26 23:19:20,48.0056,91.6419,21.85,64,17,3.74
86,Mokhsogollokh,RU,2021-11-26 23:22:37,61.4681,128.9203,0.21,95,100,2.39
87,Laguna,US,2021-11-26 23:22:38,38.421,-121.4238,67.84,39,1,0.0
88,Nabire,ID,2021-11-26 23:22:38,-3.3667,135.4833,78.28,88,95,2.62
89,Ormond Beach,US,2021-11-26 23:23:39,29.2858,-81.0559,71.74,85,40,4.61
90,Barrow,US,2021-11-26 23:23:39,71.2906,-156.7887,-11.18,70,75,11.5
91,Airai,TL,2021-11-26 23:23:40,-8.9266,125.4092,66.81,81,90,0.76
92,Iqaluit,CA,2021-11-26 23:23:40,63.7506,-68.5145,17.33,67,75,3.44
93,Jacqueville,CI,2021-11-26 23:23:41,5.2052,-4.4146,76.91,80,53,10.89
94,Lev Tolstoy,RU,2021-11-26 23:23:41,53.2134,39.446,29.1,80,71,12.35
95,Punta Arenas,CL,2021-11-26 23:23:42,-53.15,-70.9167,51.91,50,75,23.02
96,Kapaa,US,2021-11-26 23:23:43,22.0752,-159.319,82.38,54,1,13.8
97,Nikolskoye,RU,2021-11-26 23:23:43,59.7035,30.7861,28.29,89,100,3.29
98,Pisco,PE,2021-11-26 23:23:44,-13.7,-76.2167,66.25,82,0,13.8
99,Sembe,CG,2021-11-26 23:23:44,1.6481,14.5806,73.99,75,44,1.68
100,Fairbanks,US,2021-11-26 23:23:45,64.8378,-147.7164,-9.4,70,90,3.44
101,Cayenne,GF,2021-11-26 23:23:45,4.9333,-52.3333,80.64,83,40,4.61
102,Dicabisagan,PH,2021-11-26 23:23:46,17.0818,122.4157,76.12,91,100,2.75
103,Malindi,KE,2021-11-26 23:23:46,-3.2175,40.1191,78.66,85,88,6.78
104,Atbasar,KZ,2021-11-26 23:23:47,51.8,68.3333,13.59,95,86,15.5
105,Klaksvik,FO,2021-11-26 23:23:47,62.2266,-6.589,32.92,74,100,36.24
106,Alice Springs,AU,2021-11-26 23:23:48,-23.7,133.8833,71.15,43,0,13.8
107,Ribeira Grande,PT,2021-11-26 23:23:48,38.5167,-28.7,63.79,61,75,17.38
108,Sampang,ID,2021-11-26 23:23:49,-7.1872,113.2394,81.66,77,100,5.28
109,Chake Chake,TZ,2021-11-26 23:23:49,-5.2459,39.7666,76.73,84,41,4.7
110,Nome,US,2021-11-26 23:23:50,64.5011,-165.4064,-0.33,65,90,4.61
111,Kodiak,US,2021-11-26 23:23:50,57.79,-152.4072,18.91,49,40,4.61
112,Upernavik,GL,2021-11-26 23:23:01,72.7868,-56.1549,17.8,83,97,10.78
113,Shangqiu,CN,2021-11-26 23:23:51,34.45,115.65,41.99,77,20,6.82
114,Bengkulu,ID,2021-11-26 23:23:52,-3.8004,102.2655,75.88,83,100,6.15
115,Tazmalt,DZ,2021-11-26 23:23:52,36.3868,4.3989,51.04,76,100,8.55
116,Hilo,US,2021-11-26 23:23:52,19.7297,-155.09,75.47,66,32,5.35
117,Carnarvon,AU,2021-11-26 23:23:53,-24.8667,113.6333,82.47,26,0,11.5
118,Makakilo City,US,2021-11-26 23:23:54,21.3469,-158.0858,86.32,40,1,6.91
119,Hambantota,LK,2021-11-26 23:23:54,6.1241,81.1185,78.04,87,99,3.24
120,Charters Towers,AU,2021-11-26 23:23:55,-20.1,146.2667,82.87,42,100,4.74
121,Thompson,CA,2021-11-26 23:23:55,55.7435,-97.8558,15.96,86,90,3.44
122,Eureka,US,2021-11-26 23:23:56,40.8021,-124.1637,58.39,52,99,3.69
123,Funadhoo,MV,2021-11-26 23:23:56,6.15,73.2667,80.92,78,100,9.93
124,Tevaitoa,PF,2021-11-26 23:23:57,-16.7833,-151.5,81.32,74,14,16.44
125,Mount Isa,AU,2021-11-26 23:23:57,-20.7333,139.5,78.57,41,0,19.57
126,Todos Santos,MX,2021-11-26 23:23:58,23.45,-110.2167,77.67,53,81,7.81
127,Lebu,CL,2021-11-26 23:23:58,-37.6167,-73.65,55.18,79,2,14.03
128,Concepcion Del Oro,MX,2021-11-26 23:23:59,24.6333,-101.4167,60.03,54,100,12.66
129,Innisfail,AU,2021-11-26 23:20:13,-17.5333,146.0333,80.1,79,100,2.48
130,Mumford,GH,2021-11-26 23:23:59,5.2618,-0.759,80.29,83,23,8.05
131,Ramtek,IN,2021-11-26 23:24:00,21.4,79.3333,59.76,43,52,5.35
132,Gualaquiza,EC,2021-11-26 23:24:00,-3.4,-78.55,68.72,85,83,1.16
133,Saldanha,ZA,2021-11-26 23:24:01,-33.0117,17.9442,60.85,91,4,15.21
134,Cherskiy,RU,2021-11-26 23:24:01,68.75,161.3,-35.57,98,12,4.27
135,Valente,BR,2021-11-26 23:25:02,-11.4122,-39.4619,76.55,65,100,7.02
136,Tabou,CI,2021-11-26 23:25:03,4.423,-7.3528,79.66,84,59,7.83
137,Bilma,NE,2021-11-26 23:25:03,18.6853,12.9164,75.6,16,0,6.71
138,Charleston,US,2021-11-26 23:25:04,32.7766,-79.9309,55.42,51,20,8.05
139,Kavaratti,IN,2021-11-26 23:25:04,10.5669,72.642,81.95,77,95,8.34
140,La Palma,US,2021-11-26 23:25:05,33.8464,-118.0467,83.17,8,1,9.22
141,Matagami,CA,2021-11-26 23:25:05,49.7502,-77.6328,10.51,100,90,20.71
142,Umm Lajj,SA,2021-11-26 23:25:06,25.0213,37.2685,77.32,49,3,9.98
143,Niquelandia,BR,2021-11-26 23:25:06,-14.4739,-48.4597,75.2,72,98,3.11
144,Geraldton,AU,2021-11-26 23:25:07,-28.7667,114.6,79.21,25,0,4.61
145,Tautira,PF,2021-11-26 23:25:07,-17.7333,-149.15,89.62,69,45,17.22
146,Sal Rei,CV,2021-11-26 23:25:08,16.1833,-22.9167,75.76,80,55,18.23
147,Saint-Louis,SN,2021-11-26 23:25:09,16.3333,-15.0,87.06,18,93,4.97
148,Bella Vista,US,2021-11-26 23:25:09,36.4295,-94.2316,50.92,37,1,8.05
149,Saint Anthony,US,2021-11-26 23:25:10,45.0205,-93.218,34.75,39,1,10.36
150,Khatanga,RU,2021-11-26 23:25:10,71.9667,102.5,1.51,94,100,13.89
151,Tabas,IR,2021-11-26 23:25:11,33.5959,56.9244,55.87,39,8,0.67
152,San Quintin,MX,2021-11-26 23:25:11,30.4833,-115.95,71.85,30,0,3.98
153,Codrington,AU,2021-11-26 23:25:12,-38.2667,141.9667,60.03,55,63,15.86
154,Quatre Cocos,MU,2021-11-26 23:25:12,-20.2078,57.7625,73.51,70,0,4.81
155,Zhangye,CN,2021-11-26 23:25:13,38.9342,100.4517,31.59,27,0,4.65
156,Pevek,RU,2021-11-26 23:25:13,69.7008,170.3133,-26.99,99,34,5.77
157,Viransehir,TR,2021-11-26 23:25:14,37.2353,39.7631,52.14,75,48,3.24
158,Snezhnogorsk,RU,2021-11-26 23:25:14,69.1933,33.2531,18.0,70,99,2.06
159,Esperance,AU,2021-11-26 23:25:15,-33.8667,121.9,64.24,72,39,14.07
160,Chuy,UY,2021-11-26 23:25:15,-33.6971,-53.4616,66.34,91,9,12.73
161,Bundaberg,AU,2021-11-26 23:25:16,-24.85,152.35,82.69,74,75,5.75
162,Yulara,AU,2021-11-26 23:25:16,-25.2406,130.9889,71.44,37,0,14.97
163,Touros,BR,2021-11-26 23:25:17,-5.1989,-35.4608,81.5,78,28,15.3
164,Sakakah,SA,2021-11-26 23:25:17,29.9697,40.2064,56.77,46,0,5.86
165,Bubaque,GW,2021-11-26 23:25:18,11.2833,-15.8333,83.19,72,98,13.58
166,Terney,RU,2021-11-26 23:25:18,45.0503,136.6092,23.07,77,83,14.16
167,Grindavik,IS,2021-11-26 23:25:19,63.8424,-22.4338,30.67,80,75,10.36
168,Lorengau,PG,2021-11-26 23:25:20,-2.0226,147.2712,84.49,68,34,1.83
169,Gat,IL,2021-11-26 23:25:20,31.61,34.7642,56.08,75,20,3.71
170,Hami,CN,2021-11-26 23:25:21,42.8,93.45,27.19,63,68,5.59
171,Uvarovka,RU,2021-11-26 23:25:21,55.5278,35.6061,33.39,98,100,6.91
172,Chicama,PE,2021-11-26 23:25:22,-7.8447,-79.1469,63.14,75,72,8.61
173,Adrar,MR,2021-11-26 23:25:22,20.5022,-10.0711,77.07,24,81,9.08
174,Haradok,BY,2021-11-26 23:25:23,55.4624,29.9816,32.07,98,100,5.53
175,Rudnogorsk,RU,2021-11-26 23:25:23,57.2639,103.7519,4.6,93,100,7.16
176,Sandwick,GB,2021-11-26 23:25:24,60.0,-1.25,33.62,75,40,19.57
177,Steamboat Springs,US,2021-11-26 23:24:59,40.485,-106.8317,48.13,32,1,0.0
178,Kijang,KR,2021-11-26 23:25:24,35.2442,129.2139,38.93,61,0,5.93
179,Butaritari,KI,2021-11-26 23:25:25,3.0707,172.7902,82.38,73,98,18.88
180,Clyde River,CA,2021-11-26 23:25:25,70.4692,-68.5914,7.03,85,90,6.91
181,Methoni,GR,2021-11-26 23:25:26,36.8197,21.7049,49.86,72,100,15.75
182,Kolokani,ML,2021-11-26 23:26:27,13.5728,-8.0339,78.35,23,50,7.58
183,Jumla,NP,2021-11-26 23:26:27,29.2747,82.1838,36.64,52,0,3.36
184,Guarapari,BR,2021-11-26 23:26:28,-20.6667,-40.4975,75.09,84,93,15.88
185,Porterville,US,2021-11-26 23:25:22,36.0652,-119.0168,64.35,39,1,5.75
186,Dingle,PH,2021-11-26 23:25:53,10.9995,122.6711,77.41,91,100,6.82
187,Saskylakh,RU,2021-11-26 23:26:29,71.9167,114.0833,-16.28,97,73,5.79
188,Ghansor,IN,2021-11-26 23:26:29,22.65,79.95,56.17,42,25,2.46
189,Pacific Grove,US,2021-11-26 23:26:30,36.6177,-121.9166,74.88,59,1,0.0
190,Kashan,IR,2021-11-26 23:26:30,33.9831,51.4364,53.47,53,89,2.19
191,Souillac,MU,2021-11-26 23:26:31,-20.5167,57.5167,73.78,83,20,4.61
192,Cabo San Lucas,MX,2021-11-26 23:26:31,22.8909,-109.9124,75.42,67,97,3.74
193,Saint-Philippe,RE,2021-11-26 23:26:32,-21.3585,55.7679,74.79,88,94,8.03
194,Tiksi,RU,2021-11-26 23:26:32,71.6872,128.8694,0.46,94,100,5.08
195,Kruisfontein,ZA,2021-11-26 23:26:33,-34.0033,24.7314,62.06,77,100,19.69
196,Acapulco,MX,2021-11-26 23:26:33,16.8634,-99.8901,84.02,74,40,4.61
197,Leningradskiy,RU,2021-11-26 23:26:34,69.3833,178.4167,-26.07,97,11,4.32
198,La Ronge,CA,2021-11-26 23:26:06,55.1001,-105.2842,35.85,69,75,3.44
199,Wuwei,CN,2021-11-26 23:26:35,37.9281,102.6414,31.5,32,0,0.89
200,Faanui,PF,2021-11-26 23:26:35,-16.4833,-151.75,81.64,73,5,16.64
201,Celestun,MX,2021-11-26 23:26:36,20.8667,-90.4,77.13,70,5,11.5
202,Dikson,RU,2021-11-26 23:26:36,73.5069,80.5464,-8.21,99,100,8.34
203,Radomsko,PL,2021-11-26 23:26:37,51.0671,19.4448,32.38,100,100,8.23
204,Hay River,CA,2021-11-26 23:26:37,60.8156,-115.7999,8.58,78,75,13.8
205,Kaeo,NZ,2021-11-26 23:26:38,-35.1,173.7833,69.37,55,0,6.44
206,Kirakira,SB,2021-11-26 23:26:38,-10.4544,161.9205,85.05,68,65,5.53
207,Vao,NC,2021-11-26 23:26:39,-22.6667,167.4833,76.32,87,3,18.12
208,Canguaretama,BR,2021-11-26 23:26:39,-6.38,-35.1289,82.89,79,12,12.62
209,Ferrol,ES,2021-11-26 23:26:40,43.4832,-8.2369,54.12,82,100,18.41
210,Aswan,EG,2021-11-26 23:26:40,24.0934,32.907,70.9,32,0,9.22
211,Bulgan,MN,2021-11-26 23:26:41,48.8125,103.5347,20.44,83,100,2.28
212,Yarmouth,US,2021-11-26 23:26:41,41.7057,-70.2286,42.91,84,90,16.11
213,Caravelas,BR,2021-11-26 23:26:42,-17.7125,-39.2481,73.44,75,99,7.81
214,Itarema,BR,2021-11-26 23:26:42,-2.9248,-39.9167,80.74,78,21,14.25
215,Trofors,NO,2021-11-26 23:26:43,65.5333,13.4063,25.95,97,30,4.25
216,Ballina,AU,2021-11-26 23:26:43,-28.8667,153.5667,73.58,78,90,17.27
217,Great Yarmouth,GB,2021-11-26 23:26:44,52.6083,1.7305,37.65,84,11,12.37
218,Soyo,AO,2021-11-26 23:26:44,-6.1349,12.3689,79.3,85,99,9.86
219,Port Elizabeth,ZA,2021-11-26 23:26:45,-33.918,25.5701,64.69,77,0,19.57
220,Bethel,US,2021-11-26 23:26:46,41.3712,-73.414,41.58,48,75,12.66
221,Burns Lake,CA,2021-11-26 23:26:46,54.2331,-125.7533,33.22,69,48,7.23
222,Salalah,OM,2021-11-26 23:26:47,17.0151,54.0924,73.49,49,0,2.3
223,Severnoye,RU,2021-11-26 23:26:47,56.3491,78.3619,8.08,94,100,10.89
224,Crotone,IT,2021-11-26 23:27:48,39.0851,17.1178,59.13,68,70,18.88
225,Sao Joao Da Barra,BR,2021-11-26 23:27:48,-21.6403,-41.0511,74.23,86,100,19.91
226,Yar-Sale,RU,2021-11-26 23:27:49,66.8333,70.8333,-6.9,95,17,7.56
227,Tuatapere,NZ,2021-11-26 23:27:49,-46.1333,167.6833,52.43,58,100,4.99
228,Tuktoyaktuk,CA,2021-11-26 23:27:50,69.4541,-133.0374,-2.2,84,90,20.71
229,Barra Patuca,HN,2021-11-26 23:27:51,15.8,-84.2833,77.31,83,95,14.12
230,Perth,AU,2021-11-26 23:27:51,-31.9333,115.8333,75.38,47,0,21.85
231,Price,US,2021-11-26 23:27:52,39.5994,-110.8107,45.66,23,1,3.44
232,Henties Bay,NA,2021-11-26 23:27:52,-22.116,14.2845,59.02,91,0,8.08
233,Kushima,JP,2021-11-26 23:27:53,31.4583,131.2333,47.71,63,0,4.56
234,Havoysund,NO,2021-11-26 23:27:53,70.9963,24.6622,23.88,66,100,19.6
235,Coihaique,CL,2021-11-26 23:27:54,-45.5752,-72.0662,54.21,58,75,5.75
236,Araouane,ML,2021-11-26 23:27:54,18.9048,-3.5265,78.28,28,34,7.99
237,Randfontein,ZA,2021-11-26 23:27:55,-26.1844,27.702,53.11,75,100,16.67
238,Uvira,CD,2021-11-26 23:27:55,-3.4067,29.1458,72.12,87,98,4.56
239,Vung Tau,VN,2021-11-26 23:27:56,10.346,107.0843,76.44,86,100,6.51
240,Quimper,FR,2021-11-26 23:27:56,48.0,-4.1,45.18,76,75,16.11
241,Sudbury,CA,2021-11-26 23:25:00,46.49,-80.99,22.06,78,43,8.39
242,Beloha,MG,2021-11-26 23:27:57,-25.1667,45.05,61.07,64,2,5.06
243,Aksu,CN,2021-11-26 23:27:57,41.1231,80.2644,30.24,48,45,3.89
244,Madimba,TZ,2021-11-26 23:27:58,-10.4,40.3333,76.64,88,43,9.86
245,Mareeba,AU,2021-11-26 23:27:58,-17.0,145.4333,77.72,72,100,2.19
246,Hasaki,JP,2021-11-26 23:27:59,35.7333,140.8333,48.6,48,73,20.07
247,Saqqez,IR,2021-11-26 23:27:59,36.2499,46.2735,41.59,75,0,4.54
248,Verkhnevilyuysk,RU,2021-11-26 23:28:00,63.4453,120.3167,4.24,96,100,7.76
249,Ahome,MX,2021-11-26 23:28:00,25.9167,-109.1833,66.4,80,99,7.29
250,Udachnyy,RU,2021-11-26 23:28:01,66.4167,112.4,-6.29,99,100,3.74
251,Mecca,SA,2021-11-26 23:28:02,21.4267,39.8261,76.12,67,0,4.05
252,Lotofaga,WS,2021-11-26 23:28:02,-13.9764,-171.8578,87.58,73,100,15.35
253,Abdanan,IR,2021-11-26 23:28:03,32.9926,47.4198,57.72,38,70,5.82
254,Doume,CM,2021-11-26 23:28:03,4.2333,13.45,70.0,62,37,1.01
255,Burkburnett,US,2021-11-26 23:28:04,34.0979,-98.5706,66.92,21,1,13.8
256,Lisakovsk,KZ,2021-11-26 23:28:04,52.5369,62.4936,20.7,93,46,16.73
257,Nioki,CD,2021-11-26 23:28:05,-2.7167,17.6833,69.6,98,100,1.43
258,Mitsamiouli,KM,2021-11-26 23:28:05,-11.3847,43.2844,80.67,78,11,4.27
259,Mgandu,TZ,2021-11-26 23:28:06,-5.95,34.1333,65.37,62,91,6.15
260,Sitka,US,2021-11-26 23:25:29,57.0531,-135.33,35.49,80,90,9.22
261,Fort Nelson,CA,2021-11-26 23:28:06,58.8053,-122.7002,8.19,85,20,4.61
262,Sibu,MY,2021-11-26 23:28:07,2.3,111.8167,75.51,94,40,3.44
263,Berezyne,UA,2021-11-26 23:28:07,46.2294,29.2022,51.19,94,100,22.32
264,Bardiyah,LY,2021-11-26 23:28:08,31.7561,25.0865,68.94,43,9,10.98
265,Ndele,CF,2021-11-26 23:28:08,8.4109,20.6473,71.55,22,48,4.5
266,Tombouctou,ML,2021-11-26 23:28:09,20.0,-3.0,78.57,28,86,6.02
267,Kaspiyskiy,RU,2021-11-26 23:28:09,45.3929,47.3707,42.24,71,100,17.6
268,Torbay,CA,2021-11-26 23:28:10,47.6666,-52.7314,45.37,100,90,6.91
269,Durango,MX,2021-11-26 23:25:22,24.8333,-104.8333,60.01,52,99,8.3
270,Fort Beaufort,ZA,2021-11-26 23:28:11,-32.7748,26.6338,59.34,87,93,6.53
271,Kahului,US,2021-11-26 23:26:38,20.8947,-156.47,83.46,54,20,21.85
272,Mankato,US,2021-11-26 23:28:11,44.1636,-93.9994,36.73,47,75,11.5
273,Kuytun,RU,2021-11-26 23:29:12,54.3419,101.5036,1.94,95,100,3.47
274,Eyl,SO,2021-11-26 23:29:12,7.9803,49.8164,77.92,81,84,11.68
275,Kiama,AU,2021-11-26 23:29:13,-34.6833,150.8667,56.68,89,100,20.13
276,Abong Mbang,CM,2021-11-26 23:29:13,3.9833,13.1833,69.75,63,46,2.24
277,Te Anau,NZ,2021-11-26 23:29:14,-45.4167,167.7167,47.16,81,100,3.11
278,Narsaq,GL,2021-11-26 23:29:15,60.9167,-46.05,35.82,100,100,5.37
279,Villerupt,FR,2021-11-26 23:29:15,49.4674,5.9329,34.38,98,100,17.11
280,Talnakh,RU,2021-11-26 23:29:15,69.4865,88.3972,1.65,95,100,11.03
281,Norman Wells,CA,2021-11-26 23:29:16,65.282,-126.8329,-5.76,71,75,10.36
282,Gisborne,NZ,2021-11-26 23:26:58,-38.6533,178.0042,69.66,54,7,6.49
283,San Andres,CO,2021-11-26 23:29:17,12.5847,-81.7006,82.42,74,75,9.22
284,Port Hedland,AU,2021-11-26 23:25:32,-20.3167,118.5667,89.65,20,12,17.27
285,Rio Gallegos,AR,2021-11-26 23:29:17,-51.6226,-69.2181,62.65,19,0,19.57
286,Porto Novo,BJ,2021-11-26 23:29:18,6.4965,2.6036,80.4,83,39,7.2
287,Bojnurd,IR,2021-11-26 23:29:18,37.4747,57.329,33.75,86,52,2.3
288,Bilibino,RU,2021-11-26 23:27:35,68.0546,166.4372,-33.61,99,9,3.94
289,Podyuga,RU,2021-11-26 23:29:19,61.095,40.8647,31.1,88,100,10.74
290,Berlevag,NO,2021-11-26 23:29:19,70.8578,29.0864,22.69,68,100,12.86
291,Ozernovskiy,RU,2021-11-26 23:29:20,51.5,156.5167,32.07,89,100,7.14
292,Mahajanga,MG,2021-11-26 23:29:20,-15.7167,46.3167,77.02,88,40,5.75
293,Isangel,VU,2021-11-26 23:29:21,-19.55,169.2667,86.11,66,75,9.22
294,Trebisacce,IT,2021-11-26 23:29:21,39.8708,16.5312,57.49,68,9,23.09
295,Karasburg,NA,2021-11-26 23:29:22,-28.0167,18.75,54.09,72,2,12.41
296,Kralendijk,BQ,2021-11-26 23:29:22,12.15,-68.2667,80.58,78,0,8.05
297,Marsh Harbour,BS,2021-11-26 23:29:23,26.5412,-77.0636,73.63,65,87,6.91
298,Chara,RU,2021-11-26 23:29:23,56.9064,118.2631,9.03,87,100,1.5
299,San Patricio,US,2021-11-26 23:29:24,28.017,-97.5169,63.01,43,98,7.47
300,Huite,GT,2021-11-26 23:29:24,14.9333,-89.7167,79.65,54,75,11.5
301,Srednekolymsk,RU,2021-11-26 23:29:25,67.45,153.6833,-34.46,99,10,3.0
302,Bandarbeyla,SO,2021-11-26 23:29:26,9.4942,50.8122,78.17,83,89,11.32
303,Zelenoborskiy,RU,2021-11-26 23:29:27,66.845,32.3622,11.89,91,52,6.31
304,Cockburn Town,TC,2021-11-26 23:29:28,21.4612,-71.1419,78.76,65,75,5.75
305,Catamarca,AR,2021-11-26 23:27:03,-28.4696,-65.7852,82.45,43,1,21.72
306,Urumqi,CN,2021-11-26 23:29:28,43.801,87.6005,23.95,93,90,6.71
307,Ust-Kuyga,RU,2021-11-26 23:29:29,70.0167,135.6,-16.38,90,100,5.26
308,Pilar,BR,2021-11-26 23:27:13,-9.5972,-35.9567,78.73,86,16,7.99
309,Mahebourg,MU,2021-11-26 23:29:29,-20.4081,57.7,73.69,83,20,4.61
310,Korla,CN,2021-11-26 23:29:30,41.7597,86.1469,30.79,54,100,4.25
311,Ponta Delgada,PT,2021-11-26 23:29:30,37.7333,-25.6667,59.72,77,20,8.05
312,Baykit,RU,2021-11-26 23:29:31,61.67,96.37,-1.43,99,100,3.65
313,Sergeyevka,KZ,2021-11-26 23:29:31,53.88,67.4158,19.29,90,90,19.1
314,Miri,MY,2021-11-26 23:29:32,4.4148,114.0089,75.34,94,20,6.91
315,Ahipara,NZ,2021-11-26 23:29:32,-35.1667,173.1667,70.07,55,3,4.94
316,Qeshm,IR,2021-11-26 23:29:33,26.9581,56.2719,69.69,58,0,3.31
317,Bac Lieu,VN,2021-11-26 23:29:33,9.285,105.7244,74.1,87,100,7.99
318,Baganga,PH,2021-11-26 23:29:34,7.5739,126.56,79.3,87,99,5.26
319,Hirara,JP,2021-11-26 23:30:35,24.8,125.2833,69.66,88,75,17.27
320,Kondinskoye,RU,2021-11-26 23:30:35,59.6481,67.41,23.9,93,100,14.36
321,Los Llanos De Aridane,ES,2021-11-26 23:30:36,28.6585,-17.9182,60.55,63,40,13.8
322,Harrisonville,US,2021-11-26 23:30:36,38.6533,-94.3488,52.21,46,1,4.61
323,Mildura,AU,2021-11-26 23:29:54,-34.2,142.15,66.16,48,1,10.36
324,Klyuchi,RU,2021-11-26 23:30:37,52.2667,79.1667,13.57,89,58,11.72
325,Lufilufi,WS,2021-11-26 23:30:37,-13.8745,-171.5986,87.58,75,99,13.6
326,Lithakia,GR,2021-11-26 23:25:50,37.7167,20.8333,60.17,72,100,17.11
327,Ambilobe,MG,2021-11-26 23:30:38,-13.2,49.05,76.15,84,72,3.4
328,Khani,GE,2021-11-26 23:30:38,41.9563,42.9566,38.77,76,7,6.67
329,Lieto,FI,2021-11-26 23:30:39,60.5103,22.4618,16.07,92,0,3.44
330,San Jose,US,2021-11-26 23:29:41,37.3394,-121.895,66.88,46,40,5.75
331,Vilhena,BR,2021-11-26 23:30:39,-12.7406,-60.1458,73.62,88,20,3.44
332,San Policarpo,PH,2021-11-26 23:30:40,12.1791,125.5072,82.89,83,92,12.35
333,Kavieng,PG,2021-11-26 23:30:40,-2.5744,150.7967,84.49,68,97,4.29
334,Sinnamary,GF,2021-11-26 23:30:41,5.3833,-52.95,79.18,88,100,8.3
335,Sudak,UA,2021-11-26 23:30:42,44.85,34.9667,52.16,89,94,13.24
336,Columbus,US,2021-11-26 23:30:42,39.9612,-82.9988,30.72,65,90,12.66
337,Kokuy,RU,2021-11-26 23:30:42,52.2037,117.5529,3.22,97,100,0.38
338,Praia,CV,2021-11-26 23:30:43,14.9215,-23.5087,77.54,78,0,19.57
339,Chokurdakh,RU,2021-11-26 23:30:44,70.6333,147.9167,-31.99,100,67,2.86
340,Ler,SS,2021-11-26 23:30:44,8.3018,30.1418,76.21,28,87,5.39
341,Spring,US,2021-11-26 23:29:31,30.0799,-95.4172,55.26,50,90,5.75
342,Yumen,CN,2021-11-26 23:28:53,40.2833,97.2,26.35,31,4,5.44
343,Paamiut,GL,2021-11-26 23:30:45,61.994,-49.6678,37.29,99,100,14.88
344,Vila Franca Do Campo,PT,2021-11-26 23:30:45,37.7167,-25.4333,59.41,71,63,10.27
345,Golyshmanovo,RU,2021-11-26 23:30:46,56.3979,68.3728,19.33,90,100,16.26
346,Hamilton,US,2021-11-26 23:28:49,39.1834,-84.5333,33.24,55,90,8.05
347,Namtsy,RU,2021-11-26 23:30:47,62.7161,129.6658,-7.49,95,92,8.37
348,Mehamn,NO,2021-11-26 23:30:47,71.0357,27.8492,19.92,73,100,13.38
349,College,US,2021-11-26 23:30:48,64.8569,-147.8028,-6.14,70,90,3.44
350,Ambon,ID,2021-11-26 23:30:48,-3.6954,128.1814,83.21,74,98,2.08
351,Nuuk,GL,2021-11-26 23:30:49,64.1835,-51.7216,36.21,100,90,2.3
352,Pasichna,UA,2021-11-26 23:30:49,48.5715,24.43,41.22,89,100,7.81
353,Najran,SA,2021-11-26 23:30:50,17.4924,44.1277,61.45,51,0,2.59
354,Longyearbyen,SJ,2021-11-26 23:30:50,78.2186,15.6401,-7.73,93,41,4.94
355,Albemarle,US,2021-11-26 23:30:51,35.3501,-80.2001,49.05,31,1,4.61
356,Teshie,GH,2021-11-26 23:30:51,5.5836,-0.1072,81.48,80,14,8.52
357,Domoni,KM,2021-11-26 23:30:52,-12.2569,44.5319,78.64,88,85,9.01
358,Shasta Lake,US,2021-11-26 23:30:52,40.6804,-122.3708,68.72,46,93,2.59
359,Anadyr,RU,2021-11-26 23:30:53,64.75,177.4833,-16.1,76,17,6.71
360,Palembang,ID,2021-11-26 23:30:53,-2.9167,104.7458,73.92,94,97,4.0
361,Zhezkazgan,KZ,2021-11-26 23:30:54,47.8043,67.7144,16.25,88,15,3.85
362,Goderich,CA,2021-11-26 23:30:14,43.7501,-81.7165,30.52,69,100,19.57
363,Tual,ID,2021-11-26 23:30:55,-5.6667,132.75,83.86,75,98,10.87
364,Davila,PH,2021-11-26 23:30:55,18.4726,120.5763,75.18,79,95,16.33
365,Ostrovnoy,RU,2021-11-26 23:31:56,68.0531,39.5131,24.13,91,99,6.67
366,Ereymentau,KZ,2021-11-26 23:31:56,51.6199,73.1033,11.98,93,91,19.06
367,Cap Malheureux,MU,2021-11-26 23:31:57,-19.9842,57.6142,73.89,69,1,8.77
368,Coahuayana,MX,2021-11-26 23:31:57,18.7333,-103.6833,79.63,76,61,3.6
369,Machico,PT,2021-11-26 23:31:58,32.7,-16.7667,63.23,67,40,20.71
370,Nantucket,US,2021-11-26 23:31:59,41.2835,-70.0995,44.71,76,90,18.41
371,Banos,EC,2021-11-26 23:31:59,-1.4,-78.4167,58.21,95,91,0.69
372,San Matias,BO,2021-11-26 23:31:30,-16.3667,-58.4,75.42,87,90,4.68
373,Agadez,NE,2021-11-26 23:32:00,19.75,10.25,72.43,20,2,4.47
374,Sao Filipe,CV,2021-11-26 23:28:45,14.8961,-24.4956,77.65,76,5,8.72
375,Hauterive,FR,2021-11-26 23:32:00,46.0901,3.4459,41.76,86,99,11.45
376,Port Macquarie,AU,2021-11-26 23:32:01,-31.4333,152.9167,66.16,82,100,13.56
377,Lompoc,US,2021-11-26 23:30:42,34.6391,-120.4579,77.31,45,1,11.5
378,Nanyang,CN,2021-11-26 23:32:02,32.9947,112.5328,46.15,52,89,7.81
379,Swan Hill,AU,2021-11-26 23:32:02,-35.3378,143.5544,67.39,42,0,9.75
380,Cheshunt,GB,2021-11-26 23:32:03,51.7079,-0.0374,39.29,96,46,17.4
381,Oktyabrskiy,RU,2021-11-26 23:32:03,54.4815,53.471,24.85,85,78,16.37
382,Hudson Bay,CA,2021-11-26 23:32:04,52.85,-102.3842,32.76,90,99,7.36
383,Voznesenye,RU,2021-11-26 23:32:04,61.0106,35.4781,24.39,90,96,6.85
384,Kandrian,PG,2021-11-26 23:32:05,-6.2167,149.55,86.0,65,99,2.35
385,Tarko-Sale,RU,2021-11-26 23:32:05,64.9225,77.785,-10.17,94,36,10.2
386,Macamic,CA,2021-11-26 23:32:06,48.7502,-78.9996,12.43,90,100,11.81
387,Sapele,NG,2021-11-26 23:32:06,5.8941,5.6767,77.14,91,73,2.84
388,Arlit,NE,2021-11-26 23:32:07,18.7369,7.3853,75.6,24,5,8.05
389,Bratsk,RU,2021-11-26 23:32:07,56.1325,101.6142,5.49,92,98,9.42
390,Olinda,BR,2021-11-26 23:32:08,-8.0089,-34.8553,82.13,74,75,9.22
391,Elizabethton,US,2021-11-26 23:32:08,36.3487,-82.2107,35.74,51,1,4.61
392,Nakasongola,UG,2021-11-26 23:32:09,1.3089,32.4564,64.31,97,98,5.28
393,Mogadishu,SO,2021-11-26 23:28:04,2.0371,45.3438,78.49,84,99,6.96
394,Totness,SR,2021-11-26 23:32:10,5.8833,-56.3167,79.97,85,100,11.81
395,Antofagasta,CL,2021-11-26 23:32:10,-23.65,-70.4,63.68,75,61,4.34
396,Ambatofinandrahana,MG,2021-11-26 23:32:11,-20.55,46.8,59.85,89,94,2.89
397,Merauke,ID,2021-11-26 23:32:11,-8.4667,140.3333,84.61,69,66,0.51
398,North Bend,US,2021-11-26 23:32:12,43.4065,-124.2243,55.31,100,90,3.44
399,Yerbogachen,RU,2021-11-26 23:32:12,61.2767,108.0108,2.41,90,100,12.91
400,Tumaco,CO,2021-11-26 23:32:13,1.7986,-78.8156,75.78,82,78,9.19
401,Galle,LK,2021-11-26 23:29:03,6.0367,80.217,78.64,86,100,2.06
402,Tieli,CN,2021-11-26 23:32:13,46.95,128.05,3.74,98,86,2.93
403,Alofi,NU,2021-11-26 23:32:14,-19.0595,-169.9187,84.09,79,94,10.36
404,Taksimo,RU,2021-11-26 23:32:15,56.3444,114.8794,4.42,95,100,2.08
405,Deputatskiy,RU,2021-11-26 23:32:15,69.3,139.9,-17.27,88,100,2.06
406,Kelvington,CA,2021-11-26 23:32:16,52.1667,-103.5343,35.26,86,100,10.42
407,Pag,HR,2021-11-26 23:32:16,44.445,15.0575,48.78,76,97,11.59
408,Santa Barbara,US,2021-11-26 23:30:12,34.7333,-120.0343,68.56,17,1,10.36
409,Saint-Pierre,RE,2021-11-26 23:33:17,-21.3393,55.4781,74.88,78,90,3.44
410,San Fernando,PH,2021-11-26 23:33:18,15.0286,120.6898,80.62,73,67,8.88
411,Bacabal,BR,2021-11-26 23:33:18,-4.2917,-44.7917,77.49,84,100,1.14
412,Lubao,PH,2021-11-26 23:33:19,14.9167,120.55,80.62,75,67,10.85
413,Kaseda,JP,2021-11-26 23:33:19,31.4167,130.3167,47.43,54,0,11.95
414,Gannan,CN,2021-11-26 23:33:20,47.9147,123.5031,10.56,95,41,4.97
415,Marolambo,MG,2021-11-26 23:33:20,-20.05,48.1167,66.43,98,100,1.14
416,Lata,PT,2021-11-26 23:33:21,40.1629,-8.3327,48.61,85,36,1.45
417,Macheng,CN,2021-11-26 23:33:21,31.1783,115.0319,48.34,54,3,4.45
418,Serebryansk,KZ,2021-11-26 23:33:22,49.6925,83.2892,-0.85,96,42,2.77
419,Bendigo,AU,2021-11-26 23:33:22,-36.7667,144.2833,64.6,42,0,9.33
420,Faranah,GN,2021-11-26 23:33:23,10.0404,-10.7434,72.75,42,34,1.12
421,Kungurtug,RU,2021-11-26 23:33:23,50.5994,97.5228,10.72,97,100,2.8
422,Bay Roberts,CA,2021-11-26 23:33:24,47.5999,-53.2648,44.35,97,98,7.07
423,Rudsar,IR,2021-11-26 23:33:24,37.1376,50.288,53.53,90,33,4.43
424,Nova Olimpia,BR,2021-11-26 23:33:25,-14.7972,-57.2881,74.16,91,98,2.64
425,Sola,VU,2021-11-26 23:33:26,-13.8833,167.55,81.03,77,23,12.08
426,Huzhou,CN,2021-11-26 23:33:26,30.8703,120.0933,51.94,77,1,6.29
427,Chimbote,PE,2021-11-26 23:33:27,-9.0853,-78.5783,66.04,85,61,9.8
428,Juneau,US,2021-11-26 23:32:51,58.3019,-134.4197,33.8,80,75,16.11
429,Harindanga,IN,2021-11-26 23:33:27,22.0383,88.3214,66.18,62,2,6.35
430,Amapa,BR,2021-11-26 23:33:28,1.0,-52.0,78.35,77,100,4.59
431,Poyarkovo,RU,2021-11-26 23:33:28,49.6,128.6833,0.64,96,17,4.97
432,Victoria,HK,2021-11-26 23:32:56,22.2855,114.1577,66.25,48,100,8.48
433,Sisimiut,GL,2021-11-26 23:33:29,66.9395,-53.6735,25.47,65,100,7.67
434,Dunda,TZ,2021-11-26 23:33:29,-8.1167,34.25,65.37,80,75,1.99
435,Kenai,US,2021-11-26 23:28:51,60.5544,-151.2583,10.49,72,90,6.91
436,Petropavlovsk-Kamchatskiy,RU,2021-11-26 23:33:30,53.0452,158.6483,23.59,100,75,6.71
437,Lavrentiya,RU,2021-11-26 23:33:30,65.5833,-171.0,-9.54,95,49,8.01
438,Udaipura,IN,2021-11-26 23:33:31,23.0833,78.5,58.71,45,0,4.81
439,Dunedin,NZ,2021-11-26 23:31:57,-45.8742,170.5036,47.28,85,100,2.62
440,Hervey Bay,AU,2021-11-26 23:31:23,-25.2986,152.8535,82.51,79,100,6.42
441,Ranau,MY,2021-11-26 23:33:31,5.9538,116.6641,70.45,87,100,0.4
442,Necochea,AR,2021-11-26 23:33:32,-38.5473,-58.7368,55.38,88,0,14.7
443,Sassandra,CI,2021-11-26 23:33:32,4.95,-6.0833,78.49,87,57,6.76
444,Snihurivka,UA,2021-11-26 23:33:33,47.0758,32.8052,43.68,83,100,13.85
445,Faya,SA,2021-11-26 23:33:33,18.3851,42.4509,57.72,78,0,0.78
446,Maun,BW,2021-11-26 23:33:34,-19.9833,23.4167,69.76,78,0,10.36
447,Nanortalik,GL,2021-11-26 23:33:34,60.1432,-45.2371,43.36,96,100,12.97
448,Roblin,CA,2021-11-26 23:33:35,51.23,-101.3565,29.07,95,100,6.26
449,Tsarychanka,UA,2021-11-26 23:31:08,48.937,34.4786,38.01,92,94,14.76
450,Concarneau,FR,2021-11-26 23:33:36,47.875,-3.9225,45.39,61,68,23.33
451,Babu,CN,2021-11-26 23:33:36,24.4167,111.5167,54.07,74,8,3.04
452,Graham,US,2021-11-26 23:33:37,47.0529,-122.2943,53.4,87,90,5.75
453,Reitz,ZA,2021-11-26 23:33:37,-27.8014,28.4273,51.64,90,94,9.64
454,Sangar,RU,2021-11-26 23:33:38,63.9242,127.4739,2.55,89,100,19.13
455,Kato Milea,GR,2021-11-26 23:33:38,40.2483,22.3378,47.84,79,15,7.4
456,Lakes Entrance,AU,2021-11-26 23:33:39,-37.8811,147.981,56.93,74,100,10.89
457,Nha Trang,VN,2021-11-26 23:34:39,12.25,109.1833,73.4,96,100,7.38
458,Bloemendaal,NL,2021-11-26 23:34:40,52.4,4.6167,46.33,87,75,3.44
459,Mana,GF,2021-11-26 23:34:41,5.6592,-53.7767,78.98,88,100,8.59
460,Pacasmayo,PE,2021-11-26 23:34:41,-7.4006,-79.5714,66.34,83,84,12.55
461,Matara,LK,2021-11-26 23:34:42,5.9485,80.5353,77.43,89,100,1.61
462,Avera,US,2021-11-26 23:34:43,33.194,-82.5271,55.27,35,15,7.85
463,Anloga,GH,2021-11-26 23:34:43,5.7947,0.8973,81.79,81,9,10.07
464,Port Blair,IN,2021-11-26 23:30:49,11.6667,92.75,80.64,83,40,2.3
465,Palana,RU,2021-11-26 23:34:44,59.1167,159.9667,1.92,90,76,12.91
466,Bandar-E Anzali,IR,2021-11-26 23:34:44,37.4727,49.4622,54.3,88,99,9.73
467,Khandyga,RU,2021-11-26 23:34:45,62.6667,135.6,-16.22,89,72,2.3
468,Mardin,TR,2021-11-26 23:34:46,37.3131,40.7436,45.77,79,24,5.03
469,Fare,PF,2021-11-26 23:30:02,-16.7,-151.0167,81.45,75,3,17.52
470,Luba,GQ,2021-11-26 23:34:46,3.4568,8.5547,76.89,83,65,9.62
471,Biloela,AU,2021-11-26 23:34:47,-24.4167,150.5,80.6,67,100,6.91
472,Andilamena,MG,2021-11-26 23:34:47,-17.0167,48.5833,64.83,92,100,1.01
473,Karratha,AU,2021-11-26 23:34:48,-20.7377,116.8463,89.51,23,3,18.77
474,Slave Lake,CA,2021-11-26 23:34:48,55.2834,-114.769,35.58,44,1,31.07
475,Creel,MX,2021-11-26 23:34:49,27.75,-107.6333,35.91,98,100,2.39
476,Svobodnyy,RU,2021-11-26 23:34:50,51.4,128.1333,2.88,94,39,7.34
477,Russell,US,2021-11-26 23:34:51,32.3502,-85.1999,53.2,36,1,6.91
478,Port Hawkesbury,CA,2021-11-26 23:34:52,45.6169,-61.3485,49.59,100,90,5.75
479,Dandong,CN,2021-11-26 23:34:52,40.1292,124.3947,30.07,53,3,3.96
480,Semnan,IR,2021-11-26 23:34:53,35.5729,53.3971,45.57,58,0,1.21
481,Saint George,US,2021-11-26 23:34:53,37.1041,-113.5841,66.67,15,1,0.0
482,Madarounfa,NE,2021-11-26 23:34:54,13.3087,7.156,74.25,18,4,9.48
483,Kurumkan,RU,2021-11-26 23:34:54,54.3,110.3,12.9,88,77,5.23
484,Corum,TR,2021-11-26 23:34:55,40.5,34.75,41.23,77,100,3.8
485,Basco,PH,2021-11-26 23:34:55,20.4487,121.9702,77.32,85,95,21.65
486,Chapais,CA,2021-11-26 23:34:56,49.7834,-74.8492,22.78,92,100,12.28
487,Jasper,US,2021-11-26 23:34:56,37.2001,-94.3502,51.85,37,1,6.91
488,Arman,RU,2021-11-26 23:34:57,59.7,150.1667,-3.69,79,1,7.76
489,Sladkovo,RU,2021-11-26 23:34:57,55.5284,70.3385,18.05,90,100,16.64
490,Noyabrsk,RU,2021-11-26 23:34:58,63.1994,75.4507,-8.1,100,51,9.8
491,Umm Kaddadah,SD,2021-11-26 23:34:58,13.6017,26.6876,68.56,15,22,11.86
492,Buala,SB,2021-11-26 23:34:59,-8.145,159.5921,85.62,65,73,3.87
493,Esil,KZ,2021-11-26 23:34:59,51.9556,66.4042,16.12,92,44,16.64
494,Batemans Bay,AU,2021-11-26 23:30:03,-35.7167,150.1833,55.18,90,100,11.95
495,Sindor,RU,2021-11-26 23:35:00,62.8629,51.8905,31.91,93,100,11.86
496,Puerto Escondido,MX,2021-11-26 23:35:00,15.85,-97.0667,78.93,78,4,3.65
497,Altay,CN,2021-11-26 23:35:01,47.8667,88.1167,8.24,71,76,5.73
498,Vestmanna,FO,2021-11-26 23:35:01,62.1564,-7.1664,31.12,64,75,27.63
499,Saryozek,KZ,2021-11-26 23:35:02,44.3583,77.9753,17.91,88,5,2.62
500,Andenes,NO,2021-11-26 23:35:03,69.3143,16.1194,12.18,79,90,8.05
501,Lasa,IT,2021-11-26 23:35:03,46.6166,10.7002,38.66,95,100,1.34
502,Tungi,BD,2021-11-26 23:35:04,23.89,90.4058,71.6,78,0,0.0
503,Morlaix,FR,2021-11-26 23:36:05,48.5833,-4.0,44.67,70,75,14.97
504,Nagram,IN,2021-11-26 23:36:05,26.6167,81.1333,57.25,52,0,2.8
505,Kushiro,JP,2021-11-26 23:36:06,42.975,144.3747,38.35,65,75,11.5
506,Dali,CN,2021-11-26 23:36:06,25.7,100.1833,43.77,79,14,1.5
507,Muroran,JP,2021-11-26 23:36:07,42.3172,140.9881,34.05,72,66,21.18
508,Port Said,EG,2021-11-26 23:35:38,31.2565,32.2841,67.98,73,0,2.3
509,Puerto Rico,AR,2021-11-26 23:36:07,-26.796,-55.024,65.43,85,11,1.32
510,Oriximina,BR,2021-11-26 23:36:08,-1.7656,-55.8661,81.14,72,97,2.55
511,Maunabo,PR,2021-11-26 23:36:08,18.0072,-65.8993,80.42,76,6,9.53
512,Lukulu,ZM,2021-11-26 23:36:09,-14.3707,23.242,66.22,83,33,6.71
513,Vanavara,RU,2021-11-26 23:36:09,60.34,102.2797,-1.91,94,98,8.93
514,Flinders,AU,2021-11-26 23:32:06,-34.5833,150.8552,56.48,89,100,18.48
515,Provideniya,RU,2021-11-26 23:36:10,64.3833,-173.3,-3.17,80,23,8.03
516,Zheleznodorozhnyy,RU,2021-11-26 23:36:10,55.7503,38.0042,36.95,98,100,7.7
517,At-Bashi,KG,2021-11-26 23:36:11,41.1702,75.8106,24.21,96,95,3.2
518,Ust-Tsilma,RU,2021-11-26 23:36:11,65.441,52.1498,12.56,93,100,6.82
519,Nelson Bay,AU,2021-11-26 23:31:39,-32.7167,152.15,62.65,85,100,19.86
520,Erbaa,TR,2021-11-26 23:36:12,40.6689,36.5675,56.19,72,66,4.63
521,Raga,SS,2021-11-26 23:36:12,8.4596,25.678,71.51,23,94,3.94
522,Brae,GB,2021-11-26 23:36:13,60.3964,-1.353,33.71,62,99,32.64
523,Saint-Georges,GD,2021-11-26 23:36:13,12.0564,-61.7485,80.28,89,20,0.0
524,Ziarat,PK,2021-11-26 23:36:14,30.3823,67.7282,36.34,31,0,7.49
525,Leshukonskoye,RU,2021-11-26 23:36:14,64.8989,45.7622,13.21,98,100,1.66
526,Fukue,JP,2021-11-26 23:36:15,32.6881,128.8419,52.16,58,20,11.5
527,Zhengjiatun,CN,2021-11-26 23:36:15,43.5064,123.5064,16.09,88,35,7.99
528,Concepcion,CL,2021-11-26 23:32:16,-36.827,-73.0498,58.8,77,0,14.97
529,Goshen,US,2021-11-26 23:36:16,41.5823,-85.8344,30.15,74,1,6.91
530,Butterworth,MY,2021-11-26 23:36:16,5.3991,100.3638,77.05,88,20,0.0
531,Meulaboh,ID,2021-11-26 23:36:17,4.1363,96.1285,75.94,89,99,3.18
532,Cabedelo,BR,2021-11-26 23:34:47,-6.9811,-34.8339,81.27,77,6,16.2
533,Bay Saint Louis,US,2021-11-26 23:36:18,30.3088,-89.33,53.69,66,1,4.61
534,Hojai,IN,2021-11-26 23:35:35,26.0,92.8667,56.34,92,0,3.67
535,Ishurdi,BD,2021-11-26 23:36:18,24.1333,89.0833,62.67,68,0,5.44
536,Riyadh,SA,2021-11-26 23:34:46,24.6877,46.7219,64.54,39,0,3.29
537,Dodge City,US,2021-11-26 23:36:19,37.7528,-100.0171,65.71,17,1,10.36
538,Muros,ES,2021-11-26 23:36:19,42.7762,-9.0603,50.5,82,95,14.97
539,Djambala,CG,2021-11-26 23:36:20,-2.5447,14.7533,66.22,98,80,1.03
540,Pangody,RU,2021-11-26 23:36:20,65.85,74.4859,-10.64,95,24,8.21
541,Constitucion,CL,2021-11-26 23:36:21,-35.3333,-72.4167,53.82,82,3,10.67
542,Port Shepstone,ZA,2021-11-26 23:36:21,-30.7414,30.455,64.81,84,100,16.35
543,Razole,IN,2021-11-26 23:36:22,16.4833,81.8333,73.31,91,99,5.79
544,Bauchi,NG,2021-11-26 23:36:22,10.5,10.0,66.87,17,7,4.68
545,Kayes,ML,2021-11-26 23:36:23,14.0,-11.0,84.22,19,95,0.94
546,Pozo Colorado,PY,2021-11-26 23:36:23,-23.4923,-58.7972,79.47,29,1,4.9
547,Harper,LR,2021-11-26 23:36:24,4.375,-7.7169,79.0,85,66,8.59
548,Kathmandu,NP,2021-11-26 23:36:27,27.7167,85.3167,50.22,100,20,2.3
549,Hanyang,CN,2021-11-26 23:37:25,32.1371,105.5126,46.99,88,100,1.28
550,Gravdal,NO,2021-11-26 23:37:25,68.1214,13.5031,28.38,57,36,9.95
551,Moerai,PF,2021-11-26 23:37:26,-22.4333,-151.3333,78.6,78,63,8.77
552,Gidole,ET,2021-11-26 23:37:26,5.65,37.3667,58.98,52,74,2.89
553,Anderson,US,2021-11-26 23:37:27,34.5334,-82.6499,51.78,20,1,8.05
554,Salmas,IR,2021-11-26 23:37:27,38.1973,44.7653,31.19,83,5,1.77
555,Sompeta,IN,2021-11-26 23:37:28,18.9333,84.6,75.13,82,59,6.29
556,Diamantino,BR,2021-11-26 23:37:28,-14.4086,-56.4461,73.98,92,97,2.26
557,Beringovskiy,RU,2021-11-26 23:37:29,63.05,179.3167,-2.76,97,75,11.81
558,Nemuro,JP,2021-11-26 23:37:29,43.3236,145.575,37.99,82,97,26.33
